ticker,n_obs,alpha,alpha_t,adj_R2,beta_MKT,t_MKT,beta_SMB,t_SMB,beta_MOM,t_MOM
SREN.SW,141,-0.0012460514746040626,-1.480194930760658,0.06665827249387901,-0.0219065844675666,-0.7195478384871828,-0.06186979171127106,-1.428725761422829,0.06588922095946952,2.4114019718623214
PHNX.L,141,-0.0005218508536728492,-0.39938189736040247,0.06631997924545385,-0.014807807814711154,-0.4433318726617951,-0.04995456675594215,-1.0771662942773874,0.08140954555756583,2.5034873259818906
III.L,141,0.0007314675022599935,0.4767755810477172,0.0544166701993376,-0.027919131911462284,-0.7697434299793,-0.08752686014059657,-1.8342922112596571,0.05548879793536803,1.4862903511228953
SREI.L,141,0.0007853959549330864,0.5174405881362667,0.05222501667343449,-0.10654947268600676,-1.6818206093600518,-0.08650034130096379,-0.9353783054198661,0.013183556842517583,0.2500195418164944
PRU.L,141,-0.003877351636941423,-2.30849077758513,0.03950362875829039,0.06993538676560042,1.4335382081066694,-0.14279097753238842,-2.208075210292463,0.07036314724968912,1.7513605686771723
PHP.L,141,0.002069204250150331,2.475785044161226,0.03907190141558625,-0.07644998496496451,-1.9549179325610369,0.04486331429538607,1.1549662724736596,-0.005704433106853824,-0.19299149965270176
BEZ.L,141,0.0011593654174448626,1.1172759563947583,0.03801755684804542,-0.03514265890135795,-1.1239974217310382,0.0017963082532583517,0.039191213428728666,0.05332365409346738,2.5118809579130037
BNP.PA,141,-0.004612632003301897,-2.4399854524374187,0.03758043950606338,0.09040105793135204,2.193555980595925,0.03261827273443942,0.4951820097190874,0.08682474173290106,3.9117714167490494
ASHM.L,141,-0.0017570711907677558,-1.2222160578236962,0.03737928033343618,0.025273272534806775,0.5802522653800655,-0.06967899594893034,-1.0909065694416624,0.08718874859105685,2.5331291030223015
ESP.L,141,0.0008808603947367344,1.0725572186304682,0.03483896721275026,-0.01968208105952816,-0.5403108509696618,-0.07684537086114696,-1.4640168343472226,0.013102769273422084,0.4519300487657275
INVP.L,141,-0.0033245665880561174,-1.6526890210518785,0.034231647524015196,-0.12328111152588034,-2.3889951484847125,0.017852492381567494,0.20339841178392004,0.00930760984738735,0.21442264250244006
CBG.L,141,-0.0022384476553183054,-1.5916893959756815,0.030563143970125606,0.0011097290373504505,0.023604733873856757,0.018089736186679983,0.3164443402094874,0.08877771866152108,2.564670312392004
EMG.L,141,-0.0007946317017593835,-0.5347579575950419,0.030192643217994197,0.03329289438779382,0.6456865091598559,0.018830174105916198,0.33765286534844696,0.1150007746653703,2.6258228693252734
N91.L,141,-0.0001790199399425629,-0.272020115702224,0.02860929805062684,-0.05268384687686046,-1.3196232238409082,0.02484910018939837,0.6327616725230146,0.02413916327065596,1.0798482060862025
SRE.L,141,0.003673915492221984,2.562907827378945,0.023201959214705137,-0.05504584903148717,-1.066327104867807,-0.0018259059866997127,-0.019676554157155274,0.052855513592972504,1.1384036821959311
ABN.AS,141,-0.002233006384231991,-1.3099923016823145,0.022314894288202325,0.0063887866522443024,0.14241885837565588,-0.0494698991469133,-0.8054441237588238,0.06750226509623052,1.6625827646917148
CSN.L,141,0.0028449658109881764,2.024577605921305,0.022077679260857797,0.03487742821726492,0.6895083161356973,-0.12123490625429734,-2.015157158196715,-0.04458739983365806,-1.4835617310027633
UCG.MI,141,-0.003097811535460051,-1.5644160694856604,0.021863058030216376,0.11834558166359886,1.8935751872062654,-0.001700765009853607,-0.01759992462845858,0.10223224340894181,2.4030690781936968
ABDN.L,141,-0.0019051472129047078,-1.2897696302140482,0.021555603295601355,0.005679888411014435,0.13951292659326783,-0.027657162374838968,-0.5020718609271232,0.07933842510125241,2.137681795319635
PCTN.L,141,0.0028794178284497463,1.2367864269253754,0.021450137953822224,-0.1277637691157846,-1.2937591934860913,0.04194641186040779,0.3351042056611862,0.02279851705302396,0.3809084580365451
CHRY.L,141,0.0008173120103150444,0.4880191566676801,0.01968224151321929,0.08379065307228359,1.1860345597347737,0.08365895727360924,1.1552956657315814,0.02659113882336221,0.4479739595638448
FOXT.L,141,0.00252395389694623,1.4275390628918023,0.019298382277984083,0.1332521546353791,2.0601339484827697,-0.15353885099427697,-1.6028543029932016,0.011590003205675943,0.25295517060459316
GLE.PA,141,-0.0023878122758584485,-1.014759053863402,0.019098344286269442,0.06636722385100202,0.9177263150803036,0.07041395291596364,0.9330339129987973,0.10236341061777014,2.6227869994454127
LMP.L,141,0.000453862629301013,0.4230860180699716,0.0190879274343404,-0.05570387219387804,-1.2234626011677732,0.004193144225475503,0.07973792908455875,0.03202682217049657,1.0956051909005688
ICG.L,141,-0.0010379224938363233,-0.6949535533840728,0.01772204769171526,0.0011694778110994432,0.0372759586441598,-0.05445156775438891,-1.0695894473556784,0.061167962414001284,1.6954443483432822
INTRUM.ST,141,0.000164526379758816,0.08592688724387498,0.017120254466265528,-0.09633997128951863,-1.33894239205255,-0.09350421742921972,-1.1187435756016493,-0.03323405045126931,-0.6241194397493253
BMED.MI,141,-0.001799546234636985,-1.0693283206144513,0.016158956589815254,0.016938782358505728,0.48231677896278446,0.04764044593307289,0.9150428323932429,0.06717083943025431,2.2965664223663147
FCH.L,141,0.0014973822010310247,0.779950545826261,0.015288020515275447,-0.11008498793725488,-1.674625880546404,0.060374127166783934,0.904531087554208,0.020842608144616366,0.3760134382773247
IWG.L,141,0.002510435781052681,1.4589507790622291,0.014769011584536695,0.024597025784433433,0.5489555446998292,-0.14866816877025585,-1.5279102688621786,0.021036488391327875,0.5941143735159524
OSB.L,141,0.0006636148740918046,0.5686290478570108,0.01475746576125947,0.040636287809792206,0.8234847864630073,-0.04871235437848323,-0.7775711815823655,0.0778008728369413,1.952668820951326
CAST.ST,141,0.003162543861120457,2.5017602575655356,0.01462334644608132,-0.06849620417364877,-1.4032337646437902,0.029871720301703576,0.48253192953835655,0.009447394506214115,0.3847149465418529
VNA.DE,141,0.0018523944632100814,1.1133207695924185,0.011126115361134947,-0.06414544152347756,-1.2244928944900222,0.10803925374543862,1.5399530738488387,-0.029084210554476124,-1.0116021993301851
STOR-B.ST,141,-0.00027406431630880377,-0.17941024450250298,0.010411482784205783,-0.026264527232354826,-0.5383941871185616,0.1325781682372299,1.7097791157142583,-0.00681739694681445,-0.26276790110474596
NN.AS,141,-0.0003615587063120829,-0.2415854523707376,0.010302933906595202,0.06776189271559006,1.294823123881152,-0.0558462402045709,-1.4176124465626523,0.05715332488684194,1.3970749346636784
COL.MC,141,0.0015348263360398795,1.1131193773250165,0.010106850844050053,-0.07051929608021987,-1.4871585825738065,-0.02864902848306528,-0.6724481708282289,-0.018219797057285644,-0.596251101076468
SDR.L,141,-0.002064886327750268,-1.3763199115753364,0.009950740014649795,0.03771752530871674,1.0857729058526273,-0.04016419412609683,-0.7733705846989156,0.06021601554487126,2.020515577249963
CS.PA,141,-0.0014399050182967428,-1.2773193523447763,0.008864555852342137,0.034271619197171276,1.120154272574819,-0.08395119459393192,-1.857739569894354,0.025139340804420422,1.122163621842249
AT1.DE,141,0.0017044809691974417,0.7058828311471451,0.008027932018464856,-0.10081051245845532,-1.187319892347902,0.10892499804003468,1.273599248341631,0.0053881656648279794,0.1289961076063123
ALLFG.AS,141,0.0013157589821134635,0.6988571328040939,0.00776492372226345,0.027383609707644585,0.8906082541081898,-0.08571696242177541,-1.0078005425530578,-0.05514806800365934,-1.0928134738229787
BALD-B.ST,141,0.0044245671593617485,3.0158218582268295,0.007217340976400255,-0.06553535908642907,-1.1636284669263404,-0.014389646637216416,-0.20610470913964668,0.016507793153189593,0.38823682328495573
INGA.AS,141,-0.0037233157977448837,-1.9354675037489195,0.007207843011782122,0.02145456968914025,0.490409883049726,0.08064450692521108,1.1619612500347165,0.04794391912587775,1.9154287321099166
LGEN.L,141,-0.0025365456651763817,-1.8620992281685775,0.00712819963730682,-0.003529389950247447,-0.10602212587802821,-0.036114968223726715,-0.6735472410418374,0.04090586978523189,1.4586037918819958
FABG.ST,141,0.0025636026392529417,2.4312347620179486,0.006698572573220818,-0.05142939259587787,-1.0524158955698246,-0.03765932567880979,-0.5517274390754001,-0.006737479978116949,-0.23032557354737407
QLT.L,141,-0.0015067468799123695,-1.38480318729633,0.006317622016143276,0.05355328216399662,1.53892700583703,-0.044228379477183666,-1.0581387759721677,0.042414360381248864,1.4010478552016592
GROW.L,141,0.0014484639680275816,0.5990755382908642,0.004631156417320481,-0.01086068863035752,-0.13863196366479208,0.034624475698942836,0.42302718226332287,0.09172770856121831,1.3671690164993606
ALV.DE,141,-0.0018579345884316384,-1.8639442500531824,0.0036703888169972165,0.03242557491695992,1.3082583901161813,-0.05373169964658585,-1.4016778259199474,0.03361776004814021,1.4087018876963548
THRL.L,141,-0.00045334269893395837,-0.5362058614765084,0.0034635264132314436,0.04132718456988302,1.1389493228554146,-0.03568443119103252,-0.7515767783975168,0.04066581436921911,1.2282272564752885
ACA.PA,141,-0.003172075150868594,-2.0142499639620404,0.002748498441725533,0.035912606373743605,0.9624886308518484,0.02507462397761163,0.5025979827769189,0.055590671010457476,2.0640336760716966
IPO.L,141,-0.0038884758051637575,-2.112249138216331,0.002372688305299242,0.04556173640098295,0.6493748314758319,-0.09462859992317807,-1.0078414734462695,0.06651304366439381,1.5131022361049726
DBK.DE,141,-0.0040168857351661575,-2.5007141103194677,0.0012247027571812286,0.049090514561469206,1.311052175651853,-0.01673406608809539,-0.2140914789942087,0.07116777925303315,2.1956186914184324
CBK.DE,141,-0.0034694457346374744,-1.6448309270767811,0.001116562995453263,0.06316239356222231,1.4272954622037115,0.03699569022417792,0.3915725258934297,0.07296234102579052,2.2749775349841923
BLND.L,141,-0.0005565770626648947,-0.428681527611436,-0.0006414509773560173,-0.02361111605570787,-0.7996167865629656,-0.021276228557422797,-0.4433218778250956,0.030139814747727256,0.8925703579122913
NDA-FI.HE,141,-0.0018575350679607215,-1.868252933415322,-0.0014861998044233271,-0.047457904001704375,-1.6449950368529942,0.03735194736559808,0.7490467063953467,0.0004570606679238748,0.0171976435553074
HSBA.L,141,-0.0033703348416223044,-2.2860004791040667,-0.002186604144087667,0.03258155834045523,0.9937169863310712,-0.03601180691309338,-0.559295301115336,0.042739698440469404,1.6142976230295227
SEB-A.ST,141,-0.0022442300059492526,-1.9472167600385049,-0.002814739443074421,-0.043323945683852554,-1.4296232180299158,-0.0009047381778078751,-0.01892750418878148,-0.010753540365289662,-0.5436155669333376
STJ.L,141,-0.001200534973627159,-0.8204268512452894,-0.0028266892903023866,0.050665739330125394,0.9035485711426884,-0.010258452438251988,-0.14123612657544288,0.06528516493841462,0.8874698668751732
SWED-A.ST,141,-0.0005310341605725215,-0.4827301318040514,-0.0034726427914766322,-0.021415282280276133,-0.9808401015635556,0.0362249261001266,0.7502831263802603,0.022995698582194135,1.1870847654697063
SHC.L,141,0.001131228487593848,0.7590694096650744,-0.0035541413413648915,-0.0376997263811261,-0.975444692093756,-0.028473114077355127,-0.4065318203814165,0.018872717428843905,0.334355826326144
EQT.ST,141,0.004206126522443447,2.75884409717661,-0.0037725967199297994,-0.020288879075917896,-0.3916340793729055,-0.06629093499304149,-0.8668749175962887,-0.0013924310502583426,-0.041955897313336564
WALL-B.ST,141,0.003984777051826163,2.769198068117524,-0.004829014712398605,-0.03029914161448367,-0.662078802229442,0.017942456819908626,0.2911835249026692,0.029342668796906675,1.028365147241425
HSX.L,141,-5.7949629356514485e-05,-0.06079280369124275,-0.005082406800324346,-0.01509649647161973,-0.5474282331369947,-0.04094537826806869,-1.041683455065373,0.02186296165125081,0.7075141185381167
NWG.L,141,-0.0040187024286261076,-1.8472620625376768,-0.005412763072233595,0.065665814467819,1.24309365757745,-0.08815062748967578,-0.9314833654584042,0.01962043488580176,0.5631704140723345
AJB.L,141,-9.590396127226871e-05,-0.08870377630015436,-0.005616114806628936,-0.013009973778653611,-0.281609341386658,0.03485034574594935,0.5274008525227447,0.03483018181743285,1.1810717601132805
SOHO.L,141,-0.0021175916354315883,-2.33607482495342,-0.005674244226766767,-0.0019017507753221613,-0.0657352493748116,-0.05771436010813988,-1.2439549923960525,-0.017471760317312197,-0.5928300671474103
NDA-SE.ST,141,-0.003093957345633102,-2.3585880523925744,-0.005801057821597455,-0.05000154390645143,-1.6739435965836367,0.04491904311885392,0.7420371096041051,-0.026702284878717245,-1.004664133410075
UNI.MC,141,-0.0027666237654716207,-1.354557817584016,-0.006416168615139162,-0.03410086005557829,-0.5021628374790439,0.005827351974872042,0.10083235970109813,0.03542639036008661,1.0112252159885162
ISP.MI,141,-0.0020341528598504743,-1.1475453273629066,-0.006840400217117848,0.055345836316531824,1.2769935794015397,0.014577883298137995,0.20344792413879176,0.03258274648236432,1.0388053012701648
UBSG.SW,141,-0.0015799924679047225,-1.1723893220955792,-0.007108382247299039,0.019582296329365968,0.4984721140072587,-0.06185620546801314,-1.332194851573035,0.023507082952550454,0.8098703346178084
KINV-B.ST,141,0.003262866607658229,2.240517923555077,-0.007905479545521121,-0.05490373079961022,-1.3919772105802954,0.01830729595881201,0.26905681978660717,-0.029388890560470025,-0.7204355154915996
CREI.L,141,0.00026718270479568674,0.24704120128455645,-0.008164758101046443,-0.004053270828265722,-0.07759027292132234,0.07378087497319195,1.1163773240727772,-0.004406686800110763,-0.15031284905573541
NRR.L,141,-0.0003190033445665055,-0.19212878673804998,-0.008166660759928446,0.02492510413566173,0.574859970173856,-0.057453740370671,-0.7596360423053631,0.04176739979207037,0.9844555178892579
AGN.AS,141,-0.001572886193230424,-1.0125824087616606,-0.008233948988840778,0.041501094246876334,1.1749750276266562,-0.043467070196722024,-0.7694360206596619,0.024639494052872576,0.991268218544043
YCA.L,141,0.0028656773257646102,1.6525725572753798,-0.008589349647201816,-0.013931943832385845,-0.23998751620786285,-0.04550408134151717,-0.718936193468328,-0.052107845226532466,-1.5206314199704403
BBVA.MC,141,-0.003291839223091708,-1.7503888672124628,-0.008718287088844257,0.027877055162967797,0.4989459234587487,-0.018033306142474673,-0.25360325655018334,0.061792165811097435,1.1142972584058386
G.MI,141,0.0007983357997094678,0.6021256587370623,-0.008800072855350338,0.01472394650791955,0.4914449496410884,-0.06281230122366635,-1.4490863910078873,0.008988104640863567,0.4983202911995261
SSIT.L,141,-0.0029741938367290623,-2.15685690581286,-0.00902493147224015,-0.027708877752968073,-0.6772968630680772,-0.008874649302096579,-0.18766368437758038,-0.031196995741936424,-1.5457309393305159
UTG.L,141,0.0014333690795241757,1.2991448309752445,-0.009390384722823164,-0.015278646501185987,-0.30481033195823254,-0.025706694445086564,-0.4864420239429806,0.01871048229747997,0.7033504673150293
SHB-A.ST,141,-0.001155952346932702,-0.9378728887577696,-0.009516471168135032,-0.02491503575439328,-0.8157852346652824,0.004424600190673247,0.10210177678974877,0.016322317122201654,0.48624050062258517
PRSR.L,141,0.00022633658896766335,0.2013757054202639,-0.009592130896849405,0.021031528694381456,0.4329787558207631,-0.003999959381996987,-0.05441739896835163,0.03728520308584312,1.8349246551721088
AV.L,141,-0.0023351380194580966,-1.467379269384051,-0.010744152823709996,-0.0011121904298127603,-0.03069451062613008,-0.009910334461613716,-0.15956598964050003,0.030124814770122958,1.0783318553614814
BAMI.MI,141,-0.0011515668977317786,-0.45401226960539465,-0.010846220886931546,-0.03203184821552548,-0.41387951254824185,0.12212476321895034,1.0707916179447763,0.010422652885086795,0.18205931899539568
GRI.L,141,-0.0004008649920989931,-0.34995927384310044,-0.010932026350988,-0.022151653480556727,-0.5631286919442259,-0.019724390600707253,-0.39672332742376526,0.011689515552640055,0.34571478008039863
LLOY.L,141,-0.005256711622624782,-3.597560717745354,-0.011179248673905073,0.015997298114306554,0.49000705815855383,0.04501380314898461,0.6558931151647416,0.019334139695121474,0.6437398379546675
VEFAB.ST,141,0.0023600334693538007,1.673401024154698,-0.011398753693047992,-0.0350808123371878,-1.2189042332535,0.04765701276103999,0.8935472982778087,-0.028848571332251785,-0.9271734582982292
AZM.MI,141,-0.0012348889075783462,-0.915909041930314,-0.011461381067683352,0.009176861266211006,0.2806148350675437,0.018636298289442084,0.35841653221051006,0.03597636242239851,1.1411450953346995
SGRO.L,141,0.001346719977107752,1.1916099880504494,-0.011644544788039779,-0.015299739026689687,-0.385413541950425,-0.04321425013604418,-0.9108032581532541,-0.006363795660057377,-0.23766927286912393
SAN.MC,141,-0.004138209372647794,-2.3164059095335423,-0.012252618777480073,0.03256871534773819,0.7632495452810384,0.001635496198499839,0.026895277435729545,0.04079157595312039,1.2141683438354307
JUP.L,141,-0.003290792943764035,-1.6335044821718305,-0.012300256664798948,-0.012131456225900573,-0.23133296967321157,-0.034517860040637206,-0.5259053449678831,0.021662468615132675,0.6525314108056877
LAND.L,141,-0.0006331408127316127,-0.4937772503143283,-0.012824112969640256,-0.02152320134730176,-0.6660054612927674,0.010170494613502069,0.20891526481971281,0.016663221520319068,0.4883943368129352
LOGI-B.ST,141,0.0017358726263617362,1.0883488781907409,-0.013022935788952417,0.02833908545694373,0.46334920873926666,-0.07681844627851109,-1.1476944593884244,-0.00025293143436338946,-0.0072798979592008746
BARC.L,141,-0.003775705553926755,-2.152352620622096,-0.013113931241806487,-0.00839400857670708,-0.17730253193211107,-0.0629602491863605,-0.9056604933908667,-0.01568413178856642,-0.40556710582687483
CABK.MC,141,-0.0029308343512916284,-1.4455000353787917,-0.013153492690817226,-0.007500178145948192,-0.15019291379180708,0.04474554334912881,0.6221045588728346,0.03366791239452843,0.9355366332260101
BPE.MI,141,-0.002207097732415768,-1.1421494904815288,-0.013196435870502343,-0.013477488001981619,-0.2510251848168789,0.07279382640169758,0.9742690712142797,0.02930762342435563,0.6966503572517895
BPT.L,141,-0.001421112471623157,-1.5943521989757086,-0.013307620378052665,0.03400264828061328,0.6577747627447667,0.011630391167928142,0.19261729432989907,0.02061334048832174,0.6725674377454739
BBOX.L,141,0.0012109500453307035,1.2435909944322499,-0.013834048773740282,-0.022681605880658446,-0.5496422963304007,0.02200174774776809,0.5710671308246128,0.012175331782504437,0.38180566731271787
SUPR.L,141,-0.000932935073867032,-0.931222978038802,-0.01415176295496301,-0.0147641887289295,-0.3475989041086776,-0.023568604588332723,-0.5486463692115361,0.000990712154961979,0.04717043444108917
LSEG.L,141,-0.001105672233010504,-1.130454422480109,-0.014291904806233768,0.0097351745696266,0.2868727859030294,-0.05115904846029276,-1.0108976732811141,-0.009412686447603668,-0.21600229917224642
INVE-B.ST,141,0.0007147252971246723,0.8554618398914444,-0.01443651552896763,-0.00751171200446092,-0.31072667171806323,-0.0257735946245284,-0.6490765804122612,0.0066040511808555,0.23565196354694767
MRL.MC,141,0.001465758310323639,1.180816769623088,-0.014645619486606032,0.019796856795100324,0.43975487747267933,-0.03774504713029152,-0.5825928860259199,0.021761947181971737,0.7098514383509504
MAP.MC,141,-0.0037969536281290996,-2.970949506058953,-0.01552392913713696,-0.021319315771063895,-0.8275094833632167,0.02034434399379369,0.5642155877610666,0.0060943545016361325,0.2872139085030138
CORE-B.ST,141,0.00375496983265461,1.469342456138346,-0.016009802527252814,-0.014860795522035201,-0.17888832944021016,-0.06468159872418998,-0.5780462223707938,-0.02862330413339051,-0.6134673988952827
TCAP.L,141,-0.0005351247763885122,-0.22848128485083197,-0.01614131514683681,-0.010317099967811449,-0.14302954464240644,-0.05913258660402941,-0.6565757069182342,0.009772586976849379,0.20598155781085434
GPE.L,141,-4.737039278396415e-06,-0.003934763276526381,-0.016615092206686333,-0.009190023293346623,-0.21558630897711,-0.02882800288716288,-0.5210675964303899,0.009508738861002373,0.24109857839142235
LI.PA,141,-0.0005641014745649965,-0.3005115079797091,-0.017137728654008644,-0.00570318133272665,-0.09151678112536443,-0.007231540776623447,-0.13677294708657858,-0.028765526232986848,-1.1336926410485042
FBK.MI,141,-2.564157621960502e-05,-0.018025416960825182,-0.017706904722149863,0.02247396333033851,0.6432904590939059,-0.005852740422509364,-0.09105099710063938,0.01976763442486574,0.6672365269645598
SAB.MC,141,-0.0026571890119746274,-1.0359442116963038,-0.01948050050248984,-0.021722887229661095,-0.2483605304002824,0.02222351997559377,0.25360226368620437,0.01662166466773901,0.2355379099814401
