Date,Equity_LS,BOND,Const80_20,Const70_30,Const60_40,w_equity,Port
2013-02-28,0.00000000,0.00343847,0.00068769,0.00103154,0.00137539,,
2013-03-31,0.00000000,0.00616795,0.00123359,0.00185038,0.00246718,,
2013-04-30,0.00000000,0.02614485,0.00522897,0.00784345,0.01045794,,
2013-05-31,0.00000000,-0.01322447,-0.00264489,-0.00396734,-0.00528979,,
2013-06-30,0.00000000,-0.01552313,-0.00310463,-0.00465694,-0.00620925,,
2013-07-31,0.00000000,0.00867239,0.00173448,0.00260172,0.00346896,,
2013-08-31,0.00000000,-0.00578396,-0.00115679,-0.00173519,-0.00231358,,
2013-09-30,0.00000000,0.00812371,0.00162474,0.00243711,0.00324948,,
2013-10-31,0.00000000,0.01320506,0.00264101,0.00396152,0.00528202,,
2013-11-30,0.00000000,0.00302733,0.00060547,0.00090820,0.00121093,,
2013-12-31,0.00000000,-0.00751996,-0.00150399,-0.00225599,-0.00300798,,
2014-01-31,-0.00044868,0.02376167,0.00439339,0.00681442,0.00923546,,
2014-02-28,0.01729884,0.00599135,0.01503734,0.01390659,0.01277584,,
2014-03-31,-0.00454329,0.00910869,-0.00181289,-0.00044769,0.00091750,,
2014-04-30,-0.01030690,0.00977038,-0.00629144,-0.00428371,-0.00227599,,
2014-05-31,-0.00266011,0.00884080,-0.00035993,0.00079016,0.00194025,,
2014-06-30,-0.03030636,0.01124641,-0.02199581,-0.01784053,-0.01368525,,
2014-07-31,-0.02816783,0.00933988,-0.02066629,-0.01691552,-0.01316475,,
2014-08-31,-0.02266162,0.01764852,-0.01459959,-0.01056858,-0.00653756,,
2014-09-30,-0.01056631,0.00173422,-0.00810621,-0.00687615,-0.00564610,,
2014-10-31,-0.00805361,0.00341566,-0.00575975,-0.00461283,-0.00346590,,
2014-11-30,0.05521103,0.01249712,0.04666825,0.04239686,0.03812547,,
2014-12-31,0.02874800,0.01004003,0.02500641,0.02313561,0.02126481,,
2015-01-31,0.01116059,0.02361957,0.01365239,0.01489829,0.01614418,0.86500322,0.01284252
2015-02-28,-0.01962730,0.00663722,-0.01437440,-0.01174795,-0.00912149,0.70188188,-0.01179737
2015-03-31,-0.05507950,0.01194795,-0.04167401,-0.03497127,-0.02826852,0.62933037,-0.03023446
2015-04-30,-0.00027648,-0.01425570,-0.00307233,-0.00447025,-0.00586817,0.81501538,-0.00286242
2015-05-31,-0.03061774,-0.01530475,-0.02755515,-0.02602385,-0.02449255,0.69030103,-0.02587533
2015-06-30,-0.01588502,-0.02495837,-0.01769969,-0.01860702,-0.01951436,0.75097754,-0.01814449
2015-07-31,0.03672186,0.02236294,0.03385008,0.03241418,0.03097829,0.94211904,0.03589075
2015-08-31,0.03343092,-0.01111767,0.02452120,0.02006634,0.01561148,0.92666324,0.03016387
2015-09-30,0.00960680,0.01297928,0.01028130,0.01061854,0.01095579,0.84713998,0.01012232
2015-10-31,-0.01451546,0.01046699,-0.00951897,-0.00702072,-0.00452248,0.75159310,-0.00830964
2015-11-30,0.00364433,0.00392912,0.00370129,0.00372977,0.00375825,0.82487037,0.00369421
2015-12-31,0.04117160,-0.01058486,0.03082031,0.02564466,0.02046902,0.93425773,0.03776902
2016-01-31,0.01439615,0.01982291,0.01548150,0.01602418,0.01656685,0.85442953,0.01518613
2016-02-29,0.00041841,0.00943230,0.00222119,0.00312258,0.00402396,0.80467388,0.00217906
2016-03-31,0.04191656,0.00515236,0.03456372,0.03088730,0.02721088,0.92751226,0.03925161
2016-04-30,-0.12464886,-0.01129449,-0.10197799,-0.09064255,-0.07930711,0.61897035,-0.08145749
2016-05-31,0.09774425,0.00931457,0.08005832,0.07121535,0.06237238,0.96382026,0.09454489
2016-06-30,0.21815090,0.02359393,0.17923951,0.15978381,0.14032811,0.98102965,0.21446009
2016-07-31,-0.02599643,0.00722972,-0.01935120,-0.01602858,-0.01270597,0.74012631,-0.01736183
2016-08-31,-0.02923043,-0.00358888,-0.02410212,-0.02153796,-0.01897381,0.73583015,-0.02245671
2016-09-30,0.06950559,0.00245774,0.05609602,0.04939124,0.04268645,0.88504814,0.06179832
2016-10-31,-0.13394940,-0.02160037,-0.11147959,-0.10024469,-0.08900979,0.64334845,-0.09387994
2016-11-30,-0.02840028,-0.01512140,-0.02574450,-0.02441661,-0.02308873,0.75096406,-0.02509336
2016-12-31,-0.15256511,0.00715033,-0.12062202,-0.10465048,-0.08867893,0.64658002,-0.09611848
2017-01-31,-0.02347576,-0.02142950,-0.02306651,-0.02286188,-0.02265725,0.77345759,-0.02301219
2017-02-28,-0.03762706,0.01103839,-0.02789397,-0.02302742,-0.01816088,0.75612741,-0.02575889
2017-03-31,0.02770234,-0.00559097,0.02104368,0.01771434,0.01438501,0.83824332,0.02231692
2017-04-30,-0.01978920,0.00433857,-0.01496365,-0.01255087,-0.01013809,0.77578862,-0.01437948
2017-05-31,-0.00014807,0.00586265,0.00105408,0.00165515,0.00225622,0.80046649,0.00105127
2017-06-30,0.05317088,-0.00517116,0.04150247,0.03566826,0.02983406,0.86561917,0.04533082
2017-07-31,0.02984040,0.00176208,0.02422474,0.02141691,0.01860907,0.83685519,0.02525957
2017-08-31,-0.02075547,0.00875067,-0.01485424,-0.01190363,-0.00895301,0.77243848,-0.01404100
2017-09-30,0.05026710,-0.00536179,0.03914132,0.03357843,0.02801554,0.86284946,0.04263757
2017-10-31,-0.06478213,0.00964192,-0.04989732,-0.04245492,-0.03501251,0.72021804,-0.04395963
2017-11-30,0.00331827,0.00447106,0.00354882,0.00366410,0.00377938,0.80511780,0.00354292
2017-12-31,-0.10868853,-0.00881587,-0.08871400,-0.07872673,-0.06873947,0.68577375,-0.07730592
2018-01-31,0.07087337,-0.00427274,0.05584415,0.04832954,0.04081493,0.88788040,0.06244802
2018-02-28,-0.06879956,0.00363430,-0.05431279,-0.04706940,-0.03982601,0.72750060,-0.04906137
2018-03-31,-0.01467551,0.01470265,-0.00879988,-0.00586206,-0.00292425,0.79381098,-0.00861806
2018-04-30,0.00840946,-0.00378367,0.00597083,0.00475152,0.00353221,0.81636665,0.00617040
2018-05-31,0.01258947,-0.01316359,0.00743886,0.00486355,0.00228825,0.82734947,0.00814319
2018-06-30,0.03017559,0.00778482,0.02569743,0.02345836,0.02121928,0.87549678,0.02738787
2018-07-31,-0.05029845,-0.00425290,-0.04108934,-0.03648478,-0.03188023,0.74336331,-0.03848147
2018-08-31,0.08535050,-0.00461973,0.06735645,0.05835943,0.04936241,0.93189418,0.07922300
2018-09-30,-0.00089106,-0.00271463,-0.00125578,-0.00143813,-0.00162049,0.82331830,-0.00121326
2018-10-31,0.04165241,0.00035124,0.03339217,0.02926206,0.02513194,0.88439708,0.03687787
2018-11-30,-0.01631421,0.00579325,-0.01189272,-0.00968197,-0.00747123,0.78271005,-0.01151048
2018-12-31,0.04670399,0.01003623,0.03937044,0.03570366,0.03203689,0.89113785,0.04271226
2019-01-31,-0.01175509,0.01101656,-0.00720076,-0.00492359,-0.00264643,0.77043625,-0.00652754
2019-02-28,-0.07305672,-0.00611062,-0.05966750,-0.05297289,-0.04627828,0.67044964,-0.05099461
2019-03-31,0.09765845,0.01865943,0.08185864,0.07395874,0.06605884,0.94526602,0.09333452
2019-04-30,-0.06659413,0.00021105,-0.05323310,-0.04655258,-0.03987206,0.68670536,-0.04566443
2019-05-31,0.14582316,0.01004306,0.11866714,0.10508913,0.09151112,0.96340486,0.14085427
2019-06-30,0.08316249,0.02297794,0.07112558,0.06510712,0.05908867,0.90815045,0.07763456
2019-07-31,0.13893837,0.01719353,0.11458940,0.10241492,0.09024043,0.94722674,0.13251349
2019-08-31,0.03999301,0.02473196,0.03694080,0.03541469,0.03388859,0.83598177,0.03748992
2019-09-30,-0.07877359,-0.00470163,-0.06395920,-0.05655200,-0.04914481,0.68577856,-0.05549859
2019-10-31,-0.08557390,-0.01102233,-0.07066358,-0.06320843,-0.05575327,0.68146524,-0.06182663
2019-11-30,0.08478376,-0.00935394,0.06595622,0.05654245,0.04712868,0.89297095,0.07470829
2019-12-31,0.01318253,-0.00831729,0.00888256,0.00673258,0.00458260,0.79274401,0.00872656
2020-01-31,0.04878505,0.02273004,0.04357404,0.04096854,0.03836304,0.84703191,0.04479946
2020-02-29,-0.04763257,0.00427859,-0.03725034,-0.03205922,-0.02686810,0.70693202,-0.03241907
2020-03-31,0.08016735,-0.02236686,0.05966051,0.04940709,0.03915367,0.88307856,0.06817890
2020-04-30,0.02330372,-0.00088771,0.01846543,0.01604629,0.01362715,0.80113414,0.01849287
2020-05-31,0.05713848,0.00500790,0.04671236,0.04149930,0.03628625,0.84851039,0.04924124
2020-06-30,-0.04439516,0.00952379,-0.03361137,-0.02821947,-0.02282758,0.70969458,-0.02874220
2020-07-31,0.07294991,0.01082717,0.06052536,0.05431309,0.04810082,0.86717493,0.06469846
2020-08-31,-0.01153863,-0.00850596,-0.01093210,-0.01062883,-0.01032556,0.74951792,-0.01077900
2020-09-30,0.07261565,0.01326553,0.06074563,0.05481062,0.04887560,0.86822380,0.06479472
2020-10-31,-0.04805527,0.00976007,-0.03649220,-0.03071067,-0.02492913,0.70532707,-0.03101865
2020-11-30,-0.26660876,0.00120348,-0.21304631,-0.18626509,-0.15948386,0.61897035,-0.16456436
2020-12-31,-0.00464998,0.00131822,-0.00345634,-0.00285952,-0.00226270,0.78444334,-0.00336350
2021-01-31,0.02847401,-0.00542099,0.02169501,0.01830551,0.01491601,0.81984725,0.02236773
2021-02-28,-0.12221453,-0.02028339,-0.10182830,-0.09163519,-0.08144207,0.67666274,-0.08925639
2021-03-31,-0.00705792,0.00186768,-0.00527280,-0.00438024,-0.00348768,0.78713571,-0.00515798
2021-04-30,0.01107745,-0.01003490,0.00685498,0.00474374,0.00263251,0.80388434,0.00693698
2021-05-31,0.06399377,-0.00060096,0.05107483,0.04461535,0.03815588,0.86827793,0.05548522
2021-06-30,-0.02887738,0.00412924,-0.02227606,-0.01897540,-0.01567473,0.76586787,-0.02114947
2021-07-31,-0.03898631,0.01840540,-0.02750797,-0.02176880,-0.01602963,0.76036095,-0.02523302
2021-08-31,0.02193743,-0.00611572,0.01632680,0.01352149,0.01071617,0.83903461,0.01742185
2021-09-30,0.06183887,-0.01210953,0.04704919,0.03965435,0.03225951,0.87928655,0.05291230
2021-10-31,0.04085164,-0.00551004,0.03157930,0.02694313,0.02230697,0.84972182,0.03388449
2021-11-30,-0.01870549,0.01597943,-0.01176851,-0.00830001,-0.00483152,0.77706728,-0.01097309
2021-12-31,-0.04406863,-0.01347561,-0.03795002,-0.03489072,-0.03183142,0.74729000,-0.03633747
2022-01-31,0.01033991,-0.01325908,0.00562011,0.00326021,0.00090031,0.82190158,0.00613697
2022-02-28,0.00420155,-0.01843060,-0.00032488,-0.00258810,-0.00485131,0.81071558,-0.00008236
2022-03-31,-0.03057280,-0.02502166,-0.02946257,-0.02890746,-0.02835234,0.76863273,-0.02928845
2022-04-30,0.07392535,-0.03881399,0.05137748,0.04010354,0.02882961,0.90055487,0.06271397
2022-05-31,-0.02157192,-0.01747646,-0.02075283,-0.02034328,-0.01993373,0.78291388,-0.02068285
2022-06-30,0.07261271,-0.01913493,0.05426318,0.04508842,0.03591365,0.89722871,0.06318368
2022-07-31,-0.01378973,0.04153504,-0.00272478,0.00280770,0.00834018,0.79199383,-0.00228184
2022-08-31,0.12634932,-0.05249737,0.09057998,0.07269531,0.05481064,0.93821373,0.11529905
2022-09-30,0.08477228,-0.03716935,0.06038395,0.04818979,0.03599563,0.90278714,0.07291798
2022-10-31,0.03962045,0.00057832,0.03181202,0.02790781,0.02400360,0.84874232,0.03371503
2022-11-30,-0.03699925,0.02355378,-0.02488864,-0.01883334,-0.01277804,0.71387408,-0.01967346
2022-12-31,0.02179932,-0.04159998,0.00911946,0.00277953,-0.00356040,0.81777923,0.01024665
2023-01-31,-0.02796375,0.02111364,-0.01814827,-0.01324054,-0.00833280,0.73099469,-0.01476167
2023-02-28,0.04962220,-0.02490867,0.03471602,0.02726294,0.01980985,0.86806806,0.03978920
2023-03-31,0.05985929,0.02490385,0.05286820,0.04937266,0.04587711,0.88133649,0.05571135
2023-04-30,0.01006989,-0.00086613,0.00788269,0.00678908,0.00569548,0.77852890,0.00764788
2023-05-31,-0.01052951,0.00341925,-0.00773976,-0.00634488,-0.00495000,0.74153843,-0.00692429
2023-06-30,0.13478672,-0.00196777,0.10743582,0.09376037,0.08008492,0.96052946,0.12938895
2023-07-31,-0.12961227,-0.00298146,-0.10428611,-0.09162303,-0.07895995,0.62779156,-0.08247921
2023-08-31,-0.06351509,0.00294217,-0.05022364,-0.04357791,-0.03693219,0.68354787,-0.04248455
2023-09-30,0.04416376,-0.02683467,0.02996408,0.02286423,0.01576439,0.84698994,0.03330029
2023-10-31,0.01646915,0.00444749,0.01406482,0.01286265,0.01166049,0.80309048,0.01410197
2023-11-30,-0.01928677,0.03128998,-0.00917142,-0.00411375,0.00094393,0.74436586,-0.00635763
2023-12-31,-0.11458988,0.03725788,-0.08422033,-0.06903556,-0.05385078,0.64849072,-0.06121399
2024-01-31,0.11895069,-0.00671477,0.09381760,0.08125105,0.06868450,0.92868618,0.10998900
2024-02-29,0.05373720,-0.01083482,0.04082279,0.03436559,0.02790839,0.85130147,0.04413543
2024-03-31,0.04752318,0.01029816,0.04007818,0.03635568,0.03263317,0.83830579,0.04150411
2024-04-30,-0.01388344,-0.01496546,-0.01409984,-0.01420804,-0.01431625,0.75314548,-0.01415054
2024-05-31,-0.08479349,-0.00183443,-0.06820168,-0.05990577,-0.05160987,0.67628057,-0.05793803
2024-06-30,-0.00610596,0.00334570,-0.00421563,-0.00327046,-0.00232529,0.77370844,-0.00396713
2024-07-31,-0.06384505,0.02193311,-0.04668942,-0.03811160,-0.02953378,0.70318730,-0.03838500
2024-08-31,-0.01077393,0.00335498,-0.00794815,-0.00653526,-0.00512237,0.77730974,-0.00762756
2024-09-30,0.02407751,0.01378708,0.02201943,0.02099038,0.01996134,0.83503858,0.02237999
2024-10-31,0.02996079,-0.01111466,0.02174570,0.01763816,0.01353061,0.84469612,0.02358162
2024-11-30,0.05170434,0.02426097,0.04621567,0.04347133,0.04072699,0.87054746,0.04815173
2024-12-31,0.01925840,-0.01512177,0.01238237,0.00894435,0.00550633,0.82268133,0.01316216
2025-01-31,-0.00593726,-0.00167578,-0.00508497,-0.00465882,-0.00423267,0.78158602,-0.00500649
2025-02-28,0.12995095,0.00499050,0.10495886,0.09246281,0.07996677,0.94299411,0.12282747
2025-03-31,-0.02041948,-0.01570969,-0.01947752,-0.01900654,-0.01853557,0.76132545,-0.01929538
2025-04-30,0.00537316,0.02022566,0.00834366,0.00982891,0.01131416,0.79976851,0.00834710
2025-05-31,0.03310106,0.00121378,0.02672361,0.02353488,0.02034615,0.83804562,0.02793678
2025-06-30,-0.04584650,-0.00318789,-0.03731478,-0.03304892,-0.02878306,0.72960754,-0.03431193
2025-07-31,0.11483783,-0.00189180,0.09149190,0.07981894,0.06814598,0.94056957,0.10790054
2025-08-31,0.00754169,-0.00491898,0.00504955,0.00380349,0.00255742,0.79066688,0.00493326
2025-09-30,0.01325432,0.00553289,0.01171003,0.01093789,0.01016575,0.80273249,0.01173113
2025-10-31,-0.01716484,0.00924591,-0.01188269,-0.00924162,-0.00660054,0.75353544,-0.01065553
